Sol,Index,Drive,Site X,Site Y,Site Z,Loc X,Loc Y,Loc Z,Shift X,Shift Y,Shift Z
13,3,0,0.0000,0.0000,0.0000,0.0000,0.0000,0.0000,0.0000,0.0000,0.0000
14,3,38,0.6600,-0.6140,0.0100,3.4310,-4.9650,0.0500,2.7710,-4.3510,0.0400
15,3,386,8.1280,31.2260,-0.3990,8.3380,30.1060,-0.0300,0.2100,-1.1200,0.3690
16,3,578,34.1700,39.3210,0.0040,34.3820,38.6920,0.6200,0.2120,-0.6290,0.6160
20,3,770,55.9170,31.8230,0.1230,54.5540,30.8950,0.9800,-1.3630,-0.9280,0.8570
23,3,792,51.9480,34.8650,0.1230,50.1160,34.0910,0.9400,-1.8320,-0.7740,0.8170
29,3,828,54.1700,32.5990,0.1510,52.6230,31.8440,0.9800,-1.5470,-0.7550,0.8290
31,3,1044,26.2120,33.3830,-0.3780,25.0800,32.7700,0.3100,-1.1320,-0.6130,0.6880
32,3,1266,18.6880,4.3140,-0.7420,17.4800,4.3190,0.1000,-1.2080,0.0050,0.8420
33,3,1374,8.3310,7.5230,-0.9610,7.8000,7.4110,-0.0800,-0.5310,-0.1120,0.8810
34,3,1392,8.3120,14.0230,-1.0530,7.6370,13.9640,-0.0800,-0.6760,-0.0590,0.9730
43,3,1398,8.3060,19.0250,-1.0930,7.8080,18.5640,-0.1100,-0.4980,-0.4610,0.9830
44,3,1416,8.3060,19.0250,-1.0930,7.5760,18.7200,-0.1100,-0.7300,-0.3050,0.9830
47,3,1708,38.3200,9.5460,-0.9660,36.1970,9.0020,0.3700,-2.1230,-0.5440,1.3360
48,3,1850,54.6890,15.0680,-0.6390,52.4670,14.4690,0.8700,-2.2220,-0.5990,1.5090
49,3,1950,65.9940,10.3130,-0.7150,63.7300,9.9960,0.9300,-2.2640,-0.3170,1.6450
52,3,2046,73.2280,7.7410,-0.7630,70.5080,7.4250,0.8600,-2.7200,-0.3160,1.6230
65,3,2150,78.2030,2.1570,-0.8380,75.3290,2.3160,0.9100,-2.8740,0.1590,1.7480
66,3,2208,82.6220,-6.4520,-1.0910,79.3800,-5.8400,0.5900,-3.2420,0.6120,1.6810
72,3,2346,95.6750,-21.3480,-0.9490,91.7400,-20.6960,0.7700,-3.9350,0.6520,1.7190
73,3,2430,99.9640,-30.5460,-0.7890,95.6690,-29.7060,1.1000,-4.2950,0.8400,1.8890
84,4,0,0.0000,0.0000,0.0000,78.1940,-24.1770,0.6100,78.1940,-24.1770,0.6100
86,4,48,-3.4130,-3.6510,-0.0200,74.9590,-27.6780,0.7100,78.3720,-24.0270,0.7300
91,4,136,-4.5190,-20.6510,-0.1070,74.2880,-44.2770,0.6800,78.8070,-23.6260,0.7870
100,4,218,-7.0290,-27.5670,-0.0930,71.7300,-51.2390,0.7130,78.7590,-23.6720,0.8060
102,4,372,-42.9650,-58.4310,0.3080,36.0750,-81.3500,0.9560,79.0400,-22.9190,0.6480
103,4,430,-61.8170,-74.0570,0.5940,17.3530,-96.5930,1.0460,79.1700,-22.5370,0.4520
104,4,510,-80.2960,-108.4910,0.5310,-1.1990,-130.6410,0.9780,79.0970,-22.1500,0.4470
105,4,592,-89.9980,-133.5770,0.9050,-10.6330,-155.2520,1.4000,79.3650,-21.6750,0.4950
107,4,644,-90.8980,-141.8720,1.0630,-11.5740,-162.9800,1.3880,79.3240,-21.1080,0.3250
108,4,738,-111.5950,-147.8780,0.8270,-31.9340,-168.8700,1.2370,79.6610,-20.9920,0.4100
109,4,822,-145.3820,-187.1250,1.0110,-65.2430,-207.8920,1.2030,80.1390,-20.7670,0.1920
110,4,922,-149.9150,-242.6270,0.8210,-69.8310,-262.4580,1.0100,80.0840,-19.8310,0.1890
113,4,1062,-155.2230,-278.3730,0.7230,-75.7740,-297.3390,0.7730,79.4490,-18.9660,0.0500
116,4,1250,-162.5610,-310.9930,1.6240,-83.4160,-329.4460,1.8370,79.1450,-18.4530,0.2130
123,4,1644,-148.6870,-346.9620,1.1910,-70.3160,-365.6210,1.4310,78.3710,-18.6590,0.2400
124,4,1712,-152.4400,-354.6330,1.3430,-74.5400,-372.6330,1.6970,77.9000,-18.0000,0.3540
127,4,1860,-129.1820,-412.1550,0.3850,-52.0980,-429.5060,0.7980,77.0840,-17.3510,0.4130
128,4,1878,-128.8970,-409.3000,0.2920,-51.7720,-426.6930,0.7340,77.1250,-17.3930,0.4420
129,4,2222,-103.2480,-432.0300,0.1640,-26.7060,-449.4590,0.6650,76.5420,-17.4290,0.5010
130,5,0,0.0000,0.0000,0.0000,47.2000,-525.8830,-0.7240,47.2000,-525.8830,-0.7240
131,5,500,19.4980,-103.2060,-2.4700,65.2890,-628.0090,-3.4440,45.7910,-524.8030,-0.9740
134,5,894,34.7640,-196.4710,-4.3620,79.1930,-720.2970,-5.2520,44.4290,-523.8260,-0.8900
135,5,1388,27.3380,-276.9750,-9.1380,71.0160,-799.6480,-10.3250,43.6780,-522.6730,-1.1870
136,5,1572,21.8640,-311.3220,-11.3660,65.1280,-833.5430,-12.7200,43.2640,-522.2210,-1.3540
137,5,1812,28.3390,-346.8140,-12.5390,71.1170,-868.2780,-13.8820,42.7780,-521.4640,-1.3430
153,5,2296,22.1310,-443.2390,-14.9240,64.2710,-963.4950,-15.9600,42.1400,-520.2560,-1.0360
155,5,2512,-3.3840,-478.8120,-14.2300,38.8110,-998.7800,-15.1770,42.1950,-519.9680,-0.9470
157,6,0,0.0000,0.0000,0.0000,42.9590,-1003.6690,-15.0120,42.9590,-1003.6690,-15.0120
168,6,170,-2.1500,-27.1180,2.0560,40.5310,-1029.8200,-12.8780,42.6810,-1002.7020,-14.9340
169,6,410,-47.9440,-4.0680,-0.4840,-4.4970,-1006.7790,-15.5530,43.4470,-1002.7110,-15.0690
170,6,892,-139.5210,43.4030,-1.0070,-94.6850,-959.4810,-15.8750,44.8360,-1002.8840,-14.8680
171,6,1450,-226.2190,108.6470,1.1180,-180.3890,-893.8370,-13.7620,45.8300,-1002.4840,-14.8800
173,6,1648,-263.0000,112.7160,3.6090,-215.8770,-890.0250,-11.4750,47.1230,-1002.7410,-15.0840
175,6,1752,-277.3920,115.5780,5.0160,-230.1060,-887.0840,-9.6940,47.2860,-1002.6620,-14.7100
177,6,2250,-353.6030,166.5730,5.2550,-305.3340,-836.5580,-9.4580,48.2690,-1003.1310,-14.7130
178,6,2666,-418.9190,184.4110,10.4260,-369.6640,-818.0850,-4.7570,49.2550,-1002.4960,-15.1830
180,7,0,0.0000,0.0000,0.0000,-366.5710,-823.1920,-4.6140,-366.5710,-823.1920,-4.6140
199,7,346,-59.6450,29.1040,0.1910,-425.1370,-794.1000,-4.2760,-365.4920,-823.2040,-4.4670
200,7,1172,-210.6310,106.9590,3.3020,-573.4200,-715.9950,-1.9310,-362.7890,-822.9540,-5.2330
201,7,1358,-176.6200,116.3130,0.7790,-539.6670,-706.8600,-4.3370,-363.0470,-823.1730,-5.1160
202,7,1556,-149.7600,150.7710,-0.2630,-513.0420,-672.9870,-5.2760,-363.2820,-823.7580,-5.0130
203,7,1716,-122.1510,154.6100,0.3340,-485.6330,-669.4090,-4.5220,-363.4820,-824.0190,-4.8560
204,7,1836,-112.9720,158.2470,1.2340,-476.5220,-665.5900,-3.6720,-363.5500,-823.8370,-4.9060
210,7,2050,-129.5000,181.5590,1.7280,-492.7800,-642.6590,-3.4100,-363.2800,-824.2180,-5.1380
237,7,2216,-98.5380,189.3180,3.8020,-462.3040,-635.1290,-1.1400,-363.7660,-824.4470,-4.9420
238,7,2280,-81.9580,186.8210,5.6420,-445.6080,-637.8560,0.9280,-363.6500,-824.6770,-4.7140
239,7,2378,-79.0070,192.6700,5.7400,-442.6900,-632.2400,0.9240,-363.6830,-824.9100,-4.8160
248,8,0,0.0000,0.0000,0.0000,-442.2760,-632.0510,0.7560,-442.2760,-632.0510,0.7560
278,8,64,1.9240,-2.2570,0.3190,-440.0510,-634.3140,1.2040,-441.9740,-632.0570,0.8850
280,8,256,-33.0780,-5.9330,-2.9360,-475.1140,-637.3300,-2.1200,-442.0360,-631.3970,0.8160
281,8,410,-55.7230,-32.0980,-5.3860,-498.1850,-663.0090,-4.5240,-442.4620,-630.9110,0.8620
283,8,458,-53.3850,-30.6380,-5.2850,-495.0180,-661.8400,-4.3890,-441.6330,-631.2020,0.8960
285,8,734,-88.9200,-72.0560,-5.7260,-530.6070,-702.7910,-4.9880,-441.6870,-630.7350,0.7380
286,9,0,0.0000,0.0000,0.0000,-534.8300,-709.3140,-4.5280,-534.8300,-709.3140,-4.5280
328,9,82,2.2600,-3.7190,0.2190,-532.7000,-712.7640,-4.3850,-534.9600,-709.0450,-4.6040
333,9,178,-1.2190,-3.4160,0.4250,-536.2620,-712.5570,-4.3510,-535.0430,-709.1410,-4.7760
335,9,276,-3.1620,-3.2300,0.4120,-538.1470,-712.3680,-4.3150,-534.9850,-709.1380,-4.7270
340,9,364,-20.9610,0.7180,1.1320,-556.0550,-708.4090,-3.5010,-535.0930,-709.1270,-4.6330
340,9,1554,104.6900,-115.6100,-0.3250,-432.8690,-824.7660,-4.7340,-537.5590,-709.1560,-4.4090
341,9,2818,306.9430,-170.8820,-6.8910,-232.6060,-880.6400,-10.7940,-539.5490,-709.7580,-3.9030
342,9,2858,318.6410,-176.4010,-7.2490,-221.1260,-886.0890,-11.2240,-539.7670,-709.6880,-3.9750
343,9,2982,323.4790,-189.4810,-6.2650,-205.0920,-899.2870,-10.0490,-528.5710,-709.8060,-3.7840
359,10,0,0.0000,0.0000,0.0000,56.6110,-233.3800,0.1910,56.6110,-233.3800,0.1910
360,10,1114,14.3520,189.4070,0.5150,72.2380,-45.7010,0.6880,57.8850,-235.1080,0.1730
361,11,0,0.0000,0.0000,0.0000,87.2620,-43.4570,1.1880,87.2620,-43.4570,1.1880
379,11,1110,-56.2780,139.5310,-0.0390,33.0490,94.8820,1.0760,89.3270,-44.6490,1.1150
380,11,2472,104.0970,306.6600,-1.2560,193.3500,258.9710,0.1540,89.2530,-47.6890,1.4100
381,12,0,0.0000,0.0000,0.0000,193.3500,258.9710,0.1540,193.3500,258.9710,0.1540
382,13,0,0.0000,0.0000,0.0000,452.8610,389.5960,-1.2920,452.8610,389.5960,-1.2920
383,13,1280,164.5940,149.5010,-0.1980,616.9690,536.0920,-0.7340,452.3750,386.5910,-0.5360
384,13,2448,171.6000,352.6890,1.7310,625.1690,737.5370,1.1400,453.5690,384.8480,-0.5910
385,14,0,0.0000,0.0000,0.0000,621.3420,750.5450,1.0890,621.3420,750.5450,1.0890
386,14,1176,65.9600,210.2040,0.7480,688.5800,958.1310,2.0220,622.6210,747.9270,1.2740
387,15,0,0.0000,0.0000,0.0000,601.2290,1176.5330,2.1690,601.2290,1176.5330,2.1690
388,15,1334,-184.0800,160.9380,3.4770,419.7400,1337.8900,5.2160,603.8200,1176.9520,1.7390
389,16,0,0.0000,0.0000,0.0000,199.9100,1403.0360,6.7200,199.9100,1403.0360,6.7200
394,17,0,0.0000,0.0000,0.0000,71.5030,1397.7580,7.7930,71.5030,1397.7580,7.7930
395,17,1064,-196.3670,-21.1870,6.3080,-123.1810,1376.2310,13.5580,73.1860,1397.4180,7.2500
396,18,0,0.0000,0.0000,0.0000,-277.3750,1348.1070,12.1670,-277.3750,1348.1070,12.1670
397,18,320,-45.4330,-34.8000,-0.0700,-322.3510,1313.5360,12.1260,-276.9180,1348.3360,12.1960
398,18,1622,-194.6480,-108.4950,-1.4380,-471.2670,1242.2070,11.4140,-276.6190,1350.7020,12.8520
399,19,0,0.0000,0.0000,0.0000,-664.1040,1151.7640,12.9190,-664.1040,1151.7640,12.9190
400,19,1126,-167.9230,-126.8620,2.0290,-830.9840,1026.4270,14.7360,-663.0610,1153.2890,12.7070
401,19,2066,-345.1210,-148.8900,5.2670,-1006.8370,1005.8230,17.9830,-661.7160,1154.7130,12.7160
402,20,0,0.0000,0.0000,0.0000,-1174.4140,947.7250,17.8510,-1174.4140,947.7250,17.8510
404,20,1422,-239.6020,-78.9840,4.8720,-1412.8300,870.8140,22.1790,-1173.2280,949.7980,17.3070
405,21,0,0.0000,0.0000,0.0000,-1636.2610,738.0270,20.0420,-1636.2610,738.0270,20.0420
407,21,1126,-181.2450,-101.5640,-1.9930,-1816.1100,638.2670,18.3590,-1634.8650,739.8310,20.3520
408,21,2560,-433.0260,-196.0500,0.4670,-2066.1940,545.6690,20.6390,-1633.1680,741.7190,20.1720
409,22,0,0.0000,0.0000,0.0000,-2275.1470,552.3800,24.3090,-2275.1470,552.3800,24.3090
413,22,412,-79.3510,15.0520,1.2860,-2353.3750,567.5740,25.3620,-2274.0240,552.5220,24.0760
413,22,532,-90.8680,-1.2120,1.2190,-2365.1760,551.7390,25.1570,-2274.3080,552.9510,23.9390
413,22,634,-100.0950,-18.9190,1.2280,-2374.2990,534.3200,24.8650,-2274.2040,553.2390,23.6370
413,22,788,-105.6850,-47.7640,1.0620,-2379.4260,505.5530,24.6350,-2273.7410,553.3170,23.5740
414,23,0,0.0000,0.0000,0.0000,-2520.8020,433.6150,25.1200,-2520.8020,433.6150,25.1200
415,23,824,-48.5680,-152.4070,4.3630,-2569.3600,283.2150,29.6320,-2520.7920,435.6220,25.2700
416,23,1180,-68.6590,-218.1220,10.0130,-2589.5670,218.0620,35.2290,-2520.9090,436.1840,25.2170
418,23,2096,-223.8990,-182.5090,21.4190,-2742.7060,255.6530,46.0480,-2518.8070,438.1620,24.6290
419,23,2532,-249.6180,-191.4340,24.1860,-2768.6250,246.6420,48.9990,-2519.0070,438.0760,24.8130
420,23,2872,-265.9500,-129.0990,21.5760,-2784.2890,308.1000,46.8380,-2518.3390,437.1990,25.2620
421,23,3142,-262.1640,-88.9380,18.4560,-2780.0290,347.8770,43.5100,-2517.8650,436.8150,25.0540
422,24,0,0.0000,0.0000,0.0000,-2780.9710,352.0430,43.4450,-2780.9710,352.0430,43.4450
426,24,902,114.6120,-23.0310,-8.7010,-2667.6630,328.9500,35.2930,-2782.2750,351.9810,43.9940
427,24,1328,175.5690,-33.9510,-13.6330,-2608.0030,318.3930,30.8100,-2783.5720,352.3440,44.4430
428,24,1970,219.5460,58.7170,-18.9150,-2563.2710,409.2210,25.9250,-2782.8170,350.5040,44.8400
430,24,1992,219.4530,58.7200,-18.9340,-2563.2710,409.2960,25.9250,-2782.7240,350.5760,44.8590
432,24,2770,347.4120,140.2490,-19.6350,-2437.4660,488.4170,24.8590,-2784.8780,348.1680,44.4940
433,24,3170,398.2420,186.7930,-19.6940,-2386.6650,534.7730,24.8530,-2784.9070,347.9800,44.5470
434,24,3290,403.3790,214.3840,-19.4760,-2381.7260,561.8810,25.2210,-2785.1050,347.4970,44.6970
436,24,3900,399.7780,327.5630,-18.3040,-2385.0440,672.9910,26.6780,-2784.8220,345.4280,44.9820
437,24,4232,414.7990,393.5980,-15.2670,-2369.2100,739.4220,29.9150,-2784.0090,345.8240,45.1820
439,24,4358,422.4910,411.3530,-13.7580,-2361.6320,756.4640,31.1550,-2784.1230,345.1110,44.9130
441,24,4412,424.4460,426.3680,-11.1970,-2360.1430,771.2430,33.4960,-2784.5890,344.8750,44.6930
441,24,4470,418.6950,426.5310,-10.8890,-2365.4020,771.4880,33.9070,-2784.0970,344.9570,44.7960
441,25,0,0.0000,0.0000,0.0000,-2378.5590,772.6000,34.2800,-2378.5590,772.6000,34.2800
443,25,94,-27.1650,-4.2700,-0.3970,-2405.4960,768.2830,33.7630,-2378.3310,772.5530,34.1600
443,25,214,422.4910,411.3530,-13.7580,-2440.9720,764.6450,33.9140,-2863.4630,353.2920,47.6720
448,25,446,-127.4890,-13.3380,0.2730,-2504.5910,759.7820,34.3300,-2377.1020,773.1200,34.0570
449,26,0,0.0000,0.0000,0.0000,-2506.6460,763.6080,35.1320,-2506.6460,763.6080,35.1320
455,26,96,-1.4460,22.9830,4.8570,-2508.0220,786.1730,39.8830,-2506.5770,763.1910,35.0260
456,26,218,11.2520,30.7730,7.2610,-2495.6180,793.6760,42.5180,-2506.8700,762.9030,35.2570
460,26,470,-12.2510,60.4290,10.5280,-2518.3890,823.1590,45.6990,-2506.1380,762.7300,35.1710
461,26,630,-9.1920,71.1480,11.4930,-2515.4680,833.6780,46.6060,-2506.2760,762.5300,35.1130
464,26,756,-16.7530,77.4450,12.7650,-2522.8760,839.7100,47.8270,-2506.1230,762.2650,35.0620
474,26,850,-12.0750,81.2300,13.2550,-2517.9750,843.4050,48.3190,-2505.9000,762.1750,35.0640
477,26,1004,-8.4180,83.6240,13.5430,-2514.1670,845.7420,49.0570,-2505.7490,762.1180,35.5140
501,26,1154,-20.4320,71.4650,12.0430,-2526.3060,833.8660,47.0820,-2505.8740,762.4010,35.0390
502,26,1222,-21.7440,68.4120,11.5650,-2527.8140,831.0390,46.7420,-2506.0710,762.6270,35.1770
535,26,1652,58.6470,51.1180,8.7560,-2448.9460,813.4320,44.3890,-2507.5930,762.3140,35.6330
536,26,2018,129.4440,43.4590,7.8070,-2378.7480,805.4770,43.4440,-2508.1920,762.0180,35.6370
538,26,2548,135.1320,-39.7310,-6.7640,-2374.5250,723.2100,28.9610,-2509.6570,762.9410,35.7250
539,26,3008,92.9600,-130.4260,-8.7900,-2416.2590,633.7430,26.2630,-2509.2190,764.1690,35.0530
541,26,3482,35.6650,-221.8220,-8.3110,-2473.2240,544.1230,26.5120,-2508.8890,765.9450,34.8230
542,26,4200,-33.5670,-334.9430,-9.5330,-2541.4620,432.5970,25.4570,-2507.8950,767.5400,34.9900
543,26,5150,-77.1620,-434.2740,-6.0320,-2584.8170,334.7940,28.7460,-2507.6550,769.0680,34.7780
548,26,5214,-84.9980,-444.8570,-5.2580,-2592.5830,323.8410,29.8120,-2507.5850,768.6980,35.0700
551,26,5226,-85.4300,-444.8130,-5.1990,-2593.0360,323.8600,29.9080,-2507.6060,768.6730,35.1070
555,27,0,0.0000,0.0000,0.0000,-2759.7460,337.6590,42.5450,-2759.7460,337.6590,42.5450
557,28,0,0.0000,0.0000,0.0000,-2779.8030,362.5440,43.3910,-2779.8030,362.5440,43.3910
565,29,0,0.0000,0.0000,0.0000,-2779.9530,361.5260,43.3850,-2779.9530,361.5260,43.3850
592,29,58,-5.7280,17.5000,0.3540,-2785.3070,378.4550,43.7430,-2779.5790,360.9550,43.3890
592,29,144,-6.4400,38.2460,1.1670,-2786.1170,399.1540,44.5290,-2779.6780,360.9080,43.3620
593,30,0,0.0000,0.0000,0.0000,-2790.2080,397.3070,44.6250,-2790.2080,397.3070,44.6250
606,30,1096,-121.3180,130.8140,8.4470,-2908.8880,527.8350,52.3660,-2787.5700,397.0210,43.9190
609,30,1172,-120.8350,137.6190,8.7380,-2908.5110,534.4710,52.6150,-2787.6760,396.8520,43.8770
629,30,1344,-118.9380,94.6280,7.5110,-2906.7020,491.9420,51.6080,-2787.7640,397.3140,44.0970
629,30,1524,-97.4850,72.1800,7.3650,-2885.6460,469.6030,51.6830,-2788.1610,397.4230,44.3180
629,30,1776,-52.9570,63.6100,4.4850,-2841.6310,461.0250,48.8450,-2788.6740,397.4150,44.3600
629,30,2188,10.1330,17.7350,1.7900,-2780.1420,414.8010,46.0770,-2790.2750,397.0660,44.2870
632,31,0,0.0000,0.0000,0.0000,-2790.2500,397.3820,44.6250,-2790.2500,397.3820,44.6250
641,31,500,33.6180,-78.2230,-1.1390,-2758.0120,320.6930,43.6610,-2791.6300,398.9160,44.8000
645,31,856,96.3700,-68.8110,-7.2430,-2695.9200,328.9120,37.8230,-2792.2900,397.7230,45.0660
648,32,0,0.0000,0.0000,0.0000,-2456.6360,467.8020,24.7480,-2456.6360,467.8020,24.7480
652,32,148,31.9710,6.7230,-0.2620,-2425.0250,474.3910,24.6470,-2456.9960,467.6680,24.9090
654,32,250,37.1350,0.5350,-0.4180,-2420.0580,468.4530,24.4310,-2457.1930,467.9180,24.8490
658,32,378,49.0930,9.3650,-0.3350,-2407.8620,476.8610,24.6010,-2456.9550,467.4960,24.9360
663,32,482,50.3350,15.0840,-0.2690,-2406.5800,482.2140,24.7190,-2456.9150,467.1300,24.9880
667,32,580,57.2640,12.5700,-0.3310,-2400.0270,479.8270,24.6400,-2457.2910,467.2570,24.9710
674,32,774,64.9840,12.8210,-0.3390,-2392.4470,480.3200,24.4670,-2457.4310,467.4990,24.8060
678,32,896,74.6060,29.5970,-0.1870,-2382.6500,496.5560,24.8150,-2457.2560,466.9590,25.0020
681,32,1038,80.0710,33.2640,-0.2590,-2377.1500,500.1750,24.6280,-2457.2210,466.9110,24.8870
684,32,1174,71.2780,51.3400,-0.0500,-2385.9270,517.8560,24.7070,-2457.2050,466.5160,24.7570
686,32,1184,71.2110,51.7470,-0.0460,-2385.9910,518.2540,24.7070,-2457.2020,466.5080,24.7530
693,32,1394,71.2270,100.3620,0.3790,-2385.3830,566.2170,25.4210,-2456.6100,465.8550,25.0420
694,32,2340,89.1040,283.5340,5.5340,-2367.0610,746.6610,30.4730,-2456.1650,463.1270,24.9400
695,33,0,0.0000,0.0000,0.0000,-2365.9300,756.5770,31.4240,-2365.9300,756.5770,31.4240
698,33,262,-9.3260,34.4630,7.5490,-2374.9780,790.5470,38.4950,-2365.6520,756.0840,30.9460
700,33,366,-2.7150,42.7540,10.4160,-2368.2290,799.1050,41.7460,-2365.5140,756.3510,31.3300
702,33,402,-6.5980,49.1590,12.1770,-2372.0460,805.3820,43.3340,-2365.4480,756.2230,31.1570
707,33,580,-15.2150,73.6270,15.8890,-2380.5570,829.5300,46.9970,-2365.3420,755.9030,31.1090
707,33,612,-20.0230,74.6140,15.9530,-2385.4580,830.6990,47.0930,-2365.4350,756.0850,31.1400
708,33,1756,-169.3530,159.2370,29.3000,-2532.4890,915.6410,60.3440,-2363.1360,756.4040,31.0440
711,33,2864,-335.6230,254.1360,42.4610,-2695.9570,1010.2720,73.1400,-2360.3340,756.1360,30.6790
713,33,3878,-384.2530,396.2100,48.4660,-2743.0070,1150.7080,78.6600,-2358.7540,754.4980,30.1940
714,33,4752,-467.8200,484.8950,49.6980,-2825.0810,1238.3810,79.4670,-2357.2610,753.4860,29.7690
715,34,0,0.0000,0.0000,0.0000,-2867.7200,1421.3580,82.9620,-2867.7200,1421.3580,82.9620
716,34,952,-47.3560,172.4900,3.9600,-2913.6380,1591.4950,86.7600,-2866.2820,1419.0050,82.8000
718,34,2098,-140.4840,345.5930,9.0680,-3005.1750,1762.9120,91.7590,-2864.6910,1417.3190,82.6910
719,34,4394,-542.8170,417.1480,26.1450,-3402.4970,1838.0440,106.9890,-2859.6800,1420.8960,80.8450
721,34,5120,-573.6510,345.6540,29.9460,-3433.4870,1767.2850,110.8750,-2859.8360,1421.6310,80.9290
726,35,0,0.0000,0.0000,0.0000,-3433.4870,1767.2850,110.8750,-3433.4870,1767.2850,110.8750
727,36,0,0.0000,0.0000,0.0000,-3433.4870,1767.2850,110.8750,-3433.4870,1767.2850,110.8750
731,36,334,-57.2100,9.9050,-3.0950,-3490.1880,1777.0480,107.4690,-3432.9780,1767.1430,110.5640
731,36,1610,-173.4880,-90.8520,3.4410,-3605.8150,1677.5620,114.6630,-3432.3270,1768.4140,111.2220
732,36,3294,-311.9360,-246.0030,10.6950,-3744.0990,1525.7860,120.7670,-3432.1630,1771.7890,110.0720
736,37,0,0.0000,0.0000,0.0000,-3761.1770,1516.5110,120.8310,-3761.1770,1516.5110,120.8310
753,37,1798,-265.4410,7.8210,7.3990,-4024.0610,1526.9920,127.3330,-3758.6200,1519.1710,119.9340
755,37,2562,-376.3020,64.6590,13.4170,-4133.1650,1583.7670,132.9850,-3756.8630,1519.1080,119.5680
759,37,3758,-234.4280,206.5410,9.4010,-3991.6390,1722.2350,128.3640,-3757.2110,1515.6940,118.9630
762,37,4972,-396.3810,217.4000,17.9590,-4151.2610,1736.9750,136.5210,-3754.8800,1519.5750,118.5620
763,38,0,0.0000,0.0000,0.0000,-4342.7790,1829.7880,147.7440,-4342.7790,1829.7880,147.7440
764,38,944,-132.5610,90.1370,1.4640,-4473.2210,1919.6600,149.2030,-4340.6600,1829.5230,147.7390
765,38,1808,-236.9590,211.6350,1.8000,-4575.3140,2041.0850,149.4210,-4338.3550,1829.4500,147.6210
766,38,2208,-250.7170,261.5240,2.2570,-4588.6780,2090.3740,150.0160,-4337.9610,1828.8500,147.7590
768,39,0,0.0000,0.0000,0.0000,-4598.0090,2171.8940,148.5870,-4598.0090,2171.8940,148.5870
770,39,650,-5.8230,99.4400,-2.3790,-4603.3630,2270.3580,146.0780,-4597.5400,2170.9180,148.4570
784,39,926,-26.9660,87.1320,-0.3590,-4624.5500,2258.3330,148.3410,-4597.5840,2171.2010,148.7000
793,39,1036,-24.1900,77.0810,-0.3940,-4622.2090,2248.9580,148.2010,-4597.6000,2171.5000,148.5950
795,39,1112,-26.2840,82.0120,-0.0470,-4623.7960,2253.2810,148.7050,-4597.5120,2171.2690,148.7520
797,39,1170,-27.8610,83.4570,0.2470,-4625.4360,2254.7320,148.8380,-4597.5750,2171.2750,148.5910
816,39,1418,-32.4340,129.2370,-0.3270,-4629.2250,2300.7030,147.7180,-4596.7910,2171.4660,148.0450
818,40,0,0.0000,0.0000,0.0000,-4649.2810,2276.7280,148.9010,-4649.2810,2276.7280,148.9010
821,40,132,0.1120,-2.9560,0.2010,-4649.1310,2273.8260,149.1210,-4649.2430,2276.7820,148.9200
843,41,0,0.0000,0.0000,0.0000,-4782.1560,2182.1850,154.7060,-4782.1560,2182.1850,154.7060
856,42,0,0.0000,0.0000,0.0000,-4845.2470,2161.2630,154.2140,-4845.2470,2161.2630,154.2140
872,43,0,0.0000,0.0000,0.0000,-5081.1750,2322.2660,151.9130,-5081.1750,2322.2660,151.9130
886,44,0,0.0000,0.0000,0.0000,-5105.0020,2143.7340,149.3100,-5105.0020,2143.7340,149.3100
911,45,0,0.0000,0.0000,0.0000,-5633.0310,2300.7790,146.5980,-5633.0310,2300.7790,146.5980
925,45,86,-8.0221,-1.3686,0.2779,-5641.0610,2299.4220,146.6400,-5633.0389,2300.7906,146.3621
926,45,760,-6.4749,105.6120,2.6301,-5638.9500,2406.8560,149.1060,-5632.4751,2301.2440,146.4760
927,45,1714,-60.5779,270.5810,9.9140,-5692.6730,2573.1700,156.7680,-5632.0951,2302.5890,146.8540
929,45,2198,-88.8607,208.7580,8.0265,-5721.2870,2511.1980,154.4190,-5632.4263,2302.4400,146.3925
931,45,2726,-152.2210,217.6980,10.3404,-5784.8120,2520.5840,156.3100,-5632.5910,2302.8860,145.9696
932,45,3674,-213.1150,308.5700,16.2038,-5844.9440,2612.4860,162.1050,-5631.8290,2303.9160,145.9012
933,46,0,0.0000,0.0000,0.0000,-5838.2900,2613.2730,162.2470,-5838.2900,2613.2730,162.2470
950,46,1870,71.7959,206.8450,4.1585,-5764.6800,2819.9590,165.9460,-5836.4759,2613.1140,161.7876
957,46,3210,42.1261,332.6900,10.0272,-5793.5960,2946.2350,170.2980,-5835.7221,2613.5450,160.2708
958,46,3888,4.0140,402.2490,11.7698,-5832.1260,3016.2700,172.6640,-5836.1400,2614.0210,160.8942
960,47,0,0.0000,0.0000,0.0000,-5540.6660,3075.3360,162.6340,-5540.6660,3075.3360,162.6340
1001,48,0,0.0000,0.0000,0.0000,-5876.1220,2998.8930,169.2870,-5876.1220,2998.8930,169.2870
1006,48,1156,-114.2510,-21.6170,-7.3926,-5990.3730,2977.1630,161.9070,-5876.1220,2998.7800,169.2997
1007,48,2404,-234.8870,-150.1010,-8.4818,-6111.7670,2849.0210,160.3340,-5876.8800,2999.1220,168.8158
1018,48,3714,-381.9100,-150.7700,-6.2840,-6259.2320,2850.0770,159.7220,-5877.3220,3000.8470,168.0560
1019,49,0,0.0000,0.0000,0.0000,-6231.7300,2847.2310,161.9870,-6231.7300,2847.2310,161.9870
1021,49,370,-28.5395,-12.5964,2.0128,-6260.1560,2834.5560,163.9430,-6231.6165,2847.1524,161.9302
1047,50,0,0.0000,0.0000,0.0000,-6823.6040,2743.7030,185.0820,-6823.6040,2743.7030,185.0820
