Az,Zcam Left Min El,Zcam Right Min El,Ncam Left Min El,Ncam Right Min El
0,-50,-65,-50,-65
10,-60,-65,-60,-65
20,-60,-55,-60,-55
30,-55,-55,-55,-55
40,-55,-55,-55,-55
50,-55,-55,-55,-55
60,-60,-55,-60,-55
70,-65,-65,-65,-65
80,-65,-65,-65,-65
90,-65,-65,-65,-65
100,-65,-65,-65,-65
110,-65,-65,-65,-65
120,-60,-65,-60,-65
130,-50,-50,-50,-50
140,-40,-40,-40,-40
150,-40,-40,-40,-40
160,-30,-30,-30,-30
165,-30,-35,-30,-35
170,-35,-5,-35,-5
175,-30,-5,-30,-5
180,-3,-5,-3,-5
190,-5,-10,-5,-10
200,-10,-10,-10,-10
210,-10,-15,-10,-15
220,-15,-15,-15,-15
230,-15,-25,-15,-25
240,-20,-25,-20,-25
250,-30,-30,-30,-30
260,-30,-25,-30,-25
270,-25,-18,-25,-18
280,-15,-18,-15,-18
290,-15,-18,-15,-18
300,-20,-20,-20,-20
310,-25,-50,-25,-50
320,-50,-55,-50,-55
330,-55,-55,-55,-55
340,-55,-50,-55,-50
350,-55,-50,-55,-50
360,-50,-65,-50,-65