scape,folder,manifest,cameras,site,sols,n_sols,images,navcam,navcam_left,mastcam_z,navcam_scales,stations,span_m,lmst_min_h,lmst_max_h,lmst_spread_h,lmst_iqr_h,sun_el_min_deg,sun_el_max_deg
Three Forks,threeforks_colmap,v0p15,Navcam,32,684–693,4,52,52,28,0,0.25/0.5/1,3,3.1,12.3,15.8,3.5,0.3,40.0,79.0
Three Forks + Z34,threeforks_colmap_nav_zcam34,v0p22,Navcam + Mastcam-Z 34,32,684–693,7,401,59,35,342,0.25/0.5/1,3,3.1,10.9,15.8,4.9,1.0,40.0,79.0
Rockytop,rockytop_colmap,v0p15,Navcam,26,461–509,22,168,168,102,0,0.25/0.5/1,9,21.6,8.7,17.0,8.2,1.6,8.0,47.0
Rockytop + Z34,rockytop_colmap_nav_zcam34,v0p15,Navcam + Mastcam-Z 34,26,461–530,38,1020,194,122,826,0.25/0.5/1,9,21.6,8.7,17.4,8.7,2.3,2.0,49.0
Belva,belva_colmap,v0p15,Navcam,37-38-39,762–815,31,298,298,198,0,0.25/0.5/1,13,704.4,6.9,17.8,11.0,2.2,10.0,86.0
Airey Hill + Z34,aireyhill_colmap_nav_zcam34,v0p22,Navcam + Mastcam-Z 34,47,961–991,8,230,78,60,152,0.25/0.5/1,3,5.9,5.7,16.6,10.9,0.7,7.0,85.0
Bell Island,bellisland_colmap,v0p15,Navcam,70-71,1451–1466,11,145,145,87,0,0.25/0.5/1,6,8.4,8.7,18.0,9.3,1.6,7.0,86.0
Bell Island + Z34,bellisland_colmap_nav_zcam34,v0p22,Navcam + Mastcam-Z 34,70-71,1451–1467,12,167,159,101,8,0.25/0.5/1,6,8.5,8.7,18.0,9.3,1.9,7.0,87.0
Taylor Fjellet,taylorfjellet_colmap,v0p15,Navcam,78-79,1601–1645,31,365,365,245,0,0.25/0.5/1,11,37.4,6.7,21.6,14.9,2.4,-48.0,87.0
